<?xml version="1.0"?>

<config xmlns:xsi="http://www.w3.org/2001/XMLSchema-instance" xsi:noNamespaceSchemaLocation="urn:magento:framework:Acl/etc/acl.xsd">
    <acl>
        <resources>
            <resource id="Magento_Backend::admin">
                <resource id="Nuethic_CssEditor::design" title="Nuethic" sortOrder="60">
                    <resource id="Nuethic_CssEditor::css_editor" title="Design" sortOrder="10">
                        <resource id="Nuethic_CssEditor::design_css" title="Css Editor" translate="title" sortOrder="10">
                            <resource id="Nuethic_CssEditor::css_save" title="Save Css" translate="title" sortOrder="10" />
                            <resource id="Nuethic_CssEditor::css_delete" title="Delete Css" translate="title" sortOrder="20" />
                        </resource>
                    </resource>
                </resource>
            </resource>
        </resources>
    </acl>
</config>
