<?xml version="1.0"?>

<config xmlns:xsi="http://www.w3.org/2001/XMLSchema-instance"
        xsi:noNamespaceSchemaLocation="urn:magento:framework:ObjectManager/etc/config.xsd">

    <type name="Magento\Framework\View\Element\UiComponent\DataProvider\CollectionFactory">
        <arguments>
            <argument name="collections" xsi:type="array">
                <item name="css_index_listing_data_source" xsi:type="string">\Nuethic\CssEditor\Model\ResourceModel\Css\Grid\Collection</item>
            </argument>
        </arguments>
    </type>
    <virtualType name="\Nuethic\CssEditor\Model\ResourceModel\Css\Grid\Collection" type="Magento\Framework\View\Element\UiComponent\DataProvider\SearchResult">
        <arguments>
            <argument name="mainTable" xsi:type="string">nuethic_css_index</argument>
            <argument name="resourceModel" xsi:type="string">\Nuethic\CssEditor\Model\ResourceModel\Css</argument>
        </arguments>
    </virtualType>

    <type name="Magento\Framework\View\Element\UiComponent\DataProvider\CollectionFactory">
        <arguments>
            <argument name="collections" xsi:type="array">
                <item name="css_history_listing_data_source" xsi:type="string">\Nuethic\CssEditor\Model\ResourceModel\History\Grid\Collection</item>
            </argument>
        </arguments>
    </type>
    <virtualType name="\Nuethic\CssEditor\Model\ResourceModel\History\Grid\Collection" type="Magento\Framework\View\Element\UiComponent\DataProvider\SearchResult">
        <arguments>
            <argument name="mainTable" xsi:type="string">nuethic_css_history</argument>
            <argument name="resourceModel" xsi:type="string">\Nuethic\CssEditor\Model\ResourceModel\History</argument>
        </arguments>
    </virtualType>
</config>